Wavelength,EBFP em,MiCy em,mVenus em,TurboRFP em,mCherry em,iRFP702 em,EBFP ex,MiCy ex,mVenus ex,TurboRFP ex,mCherry ex,iRFP702 ex
300,,,,,,,,,,,9504,
301,,,,,,,,,,,8460,
302,,,,,,,,,,,7653.6,
303,,,,,,,,,,,7466.4,
304,,,,,,,,,,,9374.4,
305,,,,,,,,,,,11757.6,
306,,,,,,,,,,,11584.8,
307,,,,,,,,,,,7884,
308,,,,,,,,,,,4845.6,
309,,,,,,,,,,,4125.6,
310,,,,,,,,,,,3960,
311,,,,,,,,,,,3924,
312,,,,,,,,,,,3902.4,
313,,,,,,,,,,,3931.2,
314,,,,,,,,,,,3924,
315,,,,,,,,,,,4039.2,
316,,,,,,,,,,,4204.8,
317,,,,,,,,,,,4348.8,
318,,,,,,,,,,,4528.8,
319,,,,,,,,,,,4766.4,
320,,,,,,,,,,,5104.8,
321,,,,,,,,,,,5428.8,
322,,,,,,,,,,,5846.4,
323,,,,,,,,,,,6228,
324,,,,,,,,,,,6595.2,
325,,,,,,,8842.05,,,,7070.4,
326,,,,,,,9049.95,,,,7480.8,
327,,,,,,,9283.05,,,,7804.8,
328,,,,,,,9528.75,,,,8280,
329,,,,,,,9818.55,,,,8589.6,
330,,,,,,,10120.95,,,,8935.2,
331,,,,,,,10448.55,,,,9259.2,
332,,,,,,,10801.35,,,,9619.2,
333,,,,,,,11179.35,,,,9972,
334,,,,,,,11582.55,,,,10353.6,
335,,,,,,,11982.6,,,,10886.4,
336,,,,,,,12407.85,,,,11469.6,
337,,,,,,,12867.75,,,,12196.8,
338,,,,,,,13315.05,,,,12844.8,
339,,,,,,,13784.4,,,,13766.4,
340,,,,,,,14278.95,,,,14407.2,
341,,,,,,,14795.55,,,,15300,
342,,,,,,,15349.95,,,,15861.6,
343,,,,,,,15850.8,,,,16308,
344,,,,,,,16449.3,,,,16444.8,
345,,,,,,,16991.1,,,,16185.6,
346,,,,,,,17558.1,,,,15588,
347,,,,,,,18153.45,,,,14889.6,
348,,,,,,,18704.7,,,,13939.2,
349,,,,,,,19281.15,,,,13053.6,
350,,,,,,,19867.05,463.25,,1867.6,12204,
351,,,,,,,20449.8,498.675,2048.8,1784.8,11347.2,
352,,,,,,,21042,493.225,2225.6,1858.4,10821.6,
353,,,,,,,21605.85,517.75,2319.2,1876.8,10173.6,
354,,,,,,,22179.15,536.825,2308.8,1904.4,9792,
355,,,,,,,22787.1,536.825,2100.8,1895.2,9482.4,
356,,,,,,,23363.55,591.325,1986.4,1876.8,9266.4,
357,,,,,,,23962.05,591.325,1986.4,1840,9108,
358,,,,,,,24582.6,637.65,1986.4,1821.6,9000,
359,,,,,,,25344.9,678.525,1986.4,1858.4,8899.2,
360,,,,,,,26185.95,708.5,1986.4,1748,8884.8,
361,,,,,,,26976.6,776.625,1986.4,1766.4,8827.2,
362,,,,,,,27436.5,757.55,1986.4,1591.6,8805.6,
363,,,,,,,27468,836.575,1986.4,1692.8,8784,
364,,,,,,,27641.25,874.725,1986.4,1711.2,8740.8,
365,,,,,,,27975.15,888.35,1965.6,1646.8,8632.8,
366,,,,,,,28513.8,953.75,1778.4,1775.6,8640,
367,,,,,,,29008.35,983.725,1612,1748,8539.2,
368,,,,,,,29484,1035.5,1612,1683.6,8488.8,
369,,,,,,,29817.9,1079.1,1612,1904.4,8323.2,
370,,,,,,,30076.2,1155.4,1612,1812.4,8265.6,
371,,,,,,,30293.55,1169.025,1612,1738.8,8215.2,
372,,,,,,,30466.8,1193.55,1612,1803.2,8071.2,
373,,,,,,,30658.95,1248.05,1612,1941.2,7984.8,
374,,,,,,,30857.4,1316.175,1612,1775.6,7826.4,
375,,,,,,,30996,1397.925,1612,1729.6,7574.4,
376,,,,,,,31137.75,1436.075,1612,1554.8,7408.8,
377,,,,,,,31292.1,1452.425,1612,1637.6,7228.8,
378,,,,,,,31427.55,1515.1,1612,1508.8,7020,
379,,,,,,,31490.55,1588.675,1612,1324.8,6775.2,
380,0.00092,,,,,,31500,1654.075,1612,1205.2,6508.8,
381,0.00088,,,,,,31474.8,1694.95,1612,1196,6249.6,
382,0.00084,,,,,,31437,1779.425,1612,1094.8,5932.8,
383,0.00174,,,,,,31238.55,1833.925,1612,1067.2,5680.8,
384,0.00204,,,,,,31008.6,1948.375,1612,929.2,5472,
385,0.00298,,,,,,30605.4,2021.95,1612,929.2,5140.8,
386,0.00288,,,,,,30142.35,2111.875,1612,874,4838.4,
387,0.00532,,,,,,29597.4,2163.65,1612,809.6,4636.8,
388,0.00556,,,,,,28935.9,2256.3,1612,653.2,4348.8,
389,0.00754,,,,,,28214.55,2340.775,1612,653.2,4111.2,
390,0.0091,,,,,,27493.2,2414.35,1612,653.2,3967.2,
391,0.01326,,,,,,26740.35,2599.65,1612,561.2,3780,
392,0.01522,,,,,,25971.75,2651.425,1612,634.8,3585.6,
393,0.01954,,,,,,25159.05,2738.625,1612,561.2,3340.8,
394,0.0247,,,,,,24428.25,2899.4,1612,588.8,3232.8,
395,0.02954,,,,,,23694.3,3024.75,1612,524.4,3052.8,
396,0.03686,,,,,,22991.85,3117.4,1612,506,2901.6,
397,0.04352,,,,,,22342.95,3302.7,1612,561.2,2779.2,
398,0.05076,,,,,,21643.65,3452.575,1612,506,2592,
399,0.05746,,,,,,20941.2,3545.225,1612,542.8,2404.8,
400,0.06588,,,,,,20260.8,3749.6,1612,515.2,2253.6,
401,0.07492,,,,,,19567.8,3880.4,1612,515.2,2088,
402,0.0823,,,,,,18840.15,4109.3,1612,533.6,1922.4,
403,0.08888,,,,,,18071.55,4324.575,1560,570.4,1764,
404,0.09468,,,,,,17236.8,4463.55,1404,533.6,1555.2,
405,0.10302,,,,,,16320.15,4722.425,1123.2,533.6,1425.6,
406,0.10546,,,,,,15375.15,4915.9,946.4,515.2,1252.8,
407,0.11288,,,,,,14379.75,5150.25,1289.6,515.2,1123.2,
408,0.11686,,,,,,13371.75,5398.225,1643.2,524.4,950.4,
409,0.1215,,,,,,12313.35,5624.4,1986.4,533.6,856.8,
410,0.125,,,,,,11286.45,5858.75,1986.4,552,720,
411,0.13062,,,,,,10275.3,6098.55,1986.4,579.6,619.2,
412,0.13246,,,,,,9314.55,6447.35,1986.4,542.8,532.8,
413,0.13508,,,,,,8432.55,6801.6,1986.4,570.4,468,
414,0.13892,,,,,,7604.1,6992.35,1986.4,515.2,410.4,
415,0.14238,,,,,,6892.2,7330.25,1986.4,561.2,352.8,
416,0.14644,,,,,,6249.6,7572.775,1986.4,607.2,309.6,
417,0.14956,,,,,,5701.5,7976.075,1986.4,616.4,266.4,
418,0.14934,,,,,,5257.35,8305.8,1986.4,634.8,252,
419,0.1535,,,,,,4888.8,8567.4,1986.4,607.2,230.4,
420,0.1559,,,,,,4573.8,8927.1,1986.4,625.6,216,
421,0.1593,,,,,,4293.45,9210.5,1986.4,699.2,201.6,
422,0.15928,,,,,,4016.25,9556.575,1986.4,662.4,201.6,
423,0.1639,,,,,,3861.9,9965.325,2100.8,708.4,201.6,
424,0.16536,,,,,,3701.25,10314.125,2215.2,708.4,208.8,
425,0.1674,,,,,,3575.25,10676.55,2340,726.8,208.8,
426,0.17104,,,,,,,11142.525,2340,754.4,216,
427,0.1742,,,,,,,11562.175,2319.2,791.2,230.4,
428,0.17486,,,,,,,12003.625,2340,800.4,230.4,
429,0.1778,,,,,,,12505.025,2392,874,237.6,
430,0.18058,,,,,,,12867.45,2475.2,892.4,266.4,
431,0.18656,,,,,,,13554.15,2558.4,1012,280.8,
432,0.18608,,,,,,,14052.825,2641.6,1085.6,273.6,
433,0.1905,,,,,,,14556.95,2724.8,1131.6,302.4,
434,0.1918,,,,,,,15289.975,2787.2,1186.8,331.2,
435,0.19304,,,,,,,15864.95,2849.6,1269.6,352.8,
436,0.1943,,,,,,,16469.9,2922.4,1389.2,367.2,
437,0.19766,,,,,,,17202.925,2984.8,1435.2,381.6,
438,0.19912,,,,,,,17927.775,3047.2,1554.8,417.6,
439,0.19964,,,,,,,18491.85,3151.2,1573.2,432,
440,0.2,,,,,,,19154.025,3296.8,1656,460.8,
441,0.19946,,,,,,,19887.05,3484,1766.4,482.4,
442,0.19958,,,,,,,20407.525,3671.2,1803.2,511.2,
443,0.19958,,,,,,,21126.925,3806.4,1932,540,
444,0.19704,,,,,,,21737.325,4045.6,2051.6,576,
445,0.1971,,,,,,,22328.65,4295.2,2171.2,612,
446,0.19292,,,,,,,22579.35,4503.2,2198.8,640.8,
447,0.19368,,,,,,,23083.475,4763.2,2392,698.4,
448,0.19102,,,,,,,23448.625,5044,2511.6,727.2,
449,0.18876,,,,,,,23557.625,5345.6,2539.2,784.8,
450,0.18638,,,,,,,23783.8,5657.6,2686.4,828,
451,0.1844,,,,,,,23993.625,6000.8,2852,878.4,
452,0.18212,,,,,,,24089,6302.4,3045.2,936,
453,0.17814,,,,,,,24195.275,6572.8,3247.6,1000.8,
454,0.17924,,,,,,,24277.025,6905.6,3394.8,1058.4,
455,0.1737,0.00333,,,,,,24565.875,7248.8,3643.2,1130.4,
456,0.17256,0.00387,,,,,,24617.65,7560.8,3891.6,1173.6,
457,0.16926,0.00441,,,,,,24873.8,7924.8,4351.6,1260,
458,0.1657,0.00531,,,,,,25083.625,8309.6,4581.6,1310.4,
459,0.16198,0.00657,,,,,,25157.2,8756.8,4618.4,1425.6,
460,0.1609,0.0081,,,,,,25541.425,9224.8,4710.4,1483.2,
461,0.15394,0.00972,,,,,,25721.275,9703.2,4912.8,1598.4,
462,0.15162,0.01179,,,,,,26067.35,10202.4,4986.4,1663.2,
463,0.1501,0.01476,,,,,,26266.275,10743.2,5354.4,1771.2,
464,0.14582,0.01818,,,,,,26394.35,11388,5483.2,1828.8,
465,0.14136,0.02259,,,,,,26636.875,12001.6,5878.8,1980,
466,0.13846,0.02808,,,,,,26816.725,12594.4,6200.8,2080.8,
467,0.1337,0.03537,,,,,,26982.95,13426.4,6467.6,2152.8,
468,0.1319,0.04392,,,,,,27026.55,14289.6,6835.6,2232,
469,0.1264,0.05481,,,,,,27121.925,15256.8,6955.2,2361.6,
470,0.12506,0.06714,,,,,,27250,16328,7249.6,2455.2,
471,0.11982,0.08235,,,,,,27089.225,17451.2,7737.2,2563.2,
472,0.11558,0.0999,,,,,,27064.7,18782.4,7810.8,2714.4,
473,0.11174,0.12105,,,,,,26830.35,20165.6,8344.4,2800.8,
474,0.10746,0.14526,,,,,,26405.25,21600.8,8427.2,2916,
475,0.10486,0.17316,,,,,,25789.4,23098.4,9338,3052.8,
476,0.10018,0.20448,,,,,,25020.95,24616.8,9411.6,3196.8,
477,0.09684,0.24102,,,,,,24001.8,26187.2,9825.6,3333.6,
478,0.09358,0.2808,,,,,,22832.775,27809.6,10221.2,3542.4,
479,0.09264,0.32535,,,,,,21560.2,29276,10745.6,3628.8,
480,0.08816,0.37332,,,,,,20344.85,30680,11398.8,3816,
481,0.0846,0.42228,,,,,,19137.675,32021.6,12512,4003.2,
482,0.08322,0.47214,,,,,,17816.05,33113.6,13128.4,4183.2,
483,0.07994,0.52083,,,,,,16429.025,34091.2,13459.6,4392,
484,0.07642,0.56907,,,,,,15050.175,34860.8,13119.2,4557.6,
485,0.07406,0.62163,0.00192,,,,,13625,35505.6,13303.2,4773.6,
486,0.0727,0.66888,0.001984,,,,,12306.1,36067.2,13294,4996.8,
487,0.06986,0.71415,0.001984,,,,,11036.25,36504,13404.4,5227.2,
488,0.06778,0.75393,0.001984,,,,,9671.025,36888.8,14158.8,5486.4,
489,0.06786,0.79245,0.001984,,,,,8548.325,37273.6,14756.8,5817.6,
490,0.06418,0.82458,0.001984,,,,,7461.05,37710.4,14913.2,6055.2,
491,0.0633,0.85248,0.001984,,,,,6477.325,38251.2,15253.6,6379.2,
492,0.0606,0.873,0.001984,,,,,5578.075,38854.4,15594,6681.6,
493,0.0596,0.88965,0.002432,,,,,4921.35,39540.8,16228.8,6991.2,
494,0.05768,0.89757,0.002944,,,,,4229.2,40528.8,16394.4,7250.4,
495,0.056,0.89955,0.003584,,,,,3684.2,41548,16964.8,7668,
496,0.05438,0.9,0.00416,,,,,3152.825,42671.2,18400,8028,
497,0.05312,0.89136,0.004864,,,,,2692.3,44064.8,19393.6,8424,
498,0.05076,0.88119,0.006208,,,,,2259.025,45864,19816.8,8798.4,
499,0.04942,0.86598,0.007488,,,,,1902.05,47684,20267.6,9122.4,
500,0.0484,0.84861,0.008832,,,,,1594.125,49857.6,20930,9554.4,
501,0.04602,0.82863,0.011072,,,,,1351.6,52332.8,21666,9878.4,
502,0.04542,0.80379,0.013696,,,,,1136.325,55234.4,22843.6,10231.2,
503,0.04428,0.78021,0.016768,,,,,981,58406.4,23570.4,10663.2,
504,0.04216,0.75465,0.021376,,,,,801.15,62056.8,24140.8,10972.8,
505,0.04174,0.72909,0.026752,,,,,664.9,65977.6,24867.6,11419.2,
506,0.04034,0.70335,0.033664,,,,,547.725,70345.6,26192.4,11822.4,
507,0.03906,0.67896,0.04224,,,,,471.425,74994.4,26808.8,12153.6,
508,0.03826,0.65295,0.052736,,,,,378.775,79799.2,27876,12600,
509,0.03688,0.62739,0.065664,,,,,316.1,84760,28888,12967.2,
510,0.03532,0.60525,0.079808,,,,,275.225,89460.8,29578,13435.2,
511,0.03468,0.58401,0.098304,,,,,226.175,94005.6,29550.4,13737.6,
512,0.03416,0.56304,0.120256,,,,,201.65,97957.6,30258.8,14263.2,
513,0.03306,0.54378,0.147712,,,,,174.4,100828,30856.8,14659.2,
514,0.03242,0.52524,0.176384,,,,,152.6,103032.8,31298.4,15040.8,
515,0.03014,0.5076,0.210752,,,,,136.25,104000,32052.8,15609.6,
516,0.02996,0.49239,0.248384,,,,,114.45,103126.4,33534,16178.4,
517,0.02882,0.47583,0.285568,,,,,114.45,101025.6,33745.6,16732.8,
518,0.02748,0.46161,0.330688,,,,,103.55,97718.4,33543.2,17222.4,
519,0.02686,0.44685,0.37376,,,,,95.375,92684.8,34251.6,17856,
520,0.02684,0.43218,0.416704,,,,,98.1,86964.8,33662.8,18504,
521,0.02562,0.41796,0.461568,,,,,89.925,80433.6,33800.8,19166.4,
522,0.0241,0.40563,0.502144,,,,,79.025,72332,35098,19828.8,
523,0.02462,0.39213,0.542208,,,,,79.025,65031.2,37094.4,20433.6,
524,0.0233,0.37917,0.571584,,,,,87.2,57480.8,37931.6,21290.4,
525,0.02244,0.36684,0.597952,,,,,73.575,50377.6,40443.2,22068,
526,0.0218,0.35334,0.6208,,,,,81.75,43565.6,41639.2,23068.8,
527,0.02156,0.33984,0.632512,,,,,87.2,37315.2,41832.4,23817.6,
528,0.02046,0.32877,0.638464,,,,,79.025,31740.8,41722,24876,
529,0.01958,0.315,0.64,,,,,79.025,26738.4,40397.2,25617.6,
530,0.0191,0.30249,0.6368,,,,,,22453.6,40811.2,26827.2,
531,0.01876,0.28998,0.629248,,,,,,18595.2,41657.6,27604.8,
532,0.01842,0.27864,0.616512,,,,,,15194.4,42375.2,28821.6,
533,0.01762,0.26586,0.6016,,,,,,12667.2,43874.8,29800.8,
534,0.01702,0.2538,0.5792,,,,,,10379.2,46312.8,30880.8,
535,0.01642,0.24273,0.56096,,,,,,8455.2,48373.6,31852.8,1236.9
536,0.01564,0.23076,0.539328,,,,,,6936.8,49100.4,32889.6,1255.5
537,0.01572,0.21978,0.516544,,,,,,5678.4,51814.4,33998.4,1292.7
538,0.0149,0.20781,0.494784,,,,,,4607.2,55788.8,34898.4,1367.1
539,0.01518,0.19719,0.472384,,,,,,3775.2,61676.8,35712,1460.1
540,0.01404,0.18657,0.452736,0.024589,,,,,3151.2,65706.4,36504,1599.6
541,,0.17685,0.434624,0.02948,,,,,2610.4,68319.2,37375.2,1767
542,,0.16677,0.414208,0.036247,,,,,2184,69855.6,37886.4,1990.2
543,,0.15849,0.397184,0.042545,,,,,1830.4,69487.6,38534.4,2259.9
544,,0.14922,0.379904,0.052126,,,,,1497.6,70499.6,39326.4,2585.4
545,,0.1413,0.363648,0.063114,,,,,1248,73140,39801.6,2948.1
546,,0.13338,0.348928,0.073365,,,,,1050.4,77464,39996,3348
547,,0.12654,0.333888,0.088909,,,,,894.4,80969.2,40723.2,3757.2
548,,0.11943,0.32128,0.105257,,,,,873.6,81659.2,41004,4166.4
549,,0.11232,0.309376,0.124553,,,,,790.4,83922.4,41407.2,4566.3
550,,0.10629,0.298752,0.142442,0.000264,,,,634.4,85486.4,41644.8,4947.6
551,,0.10062,0.289024,0.168304,0.000308,,,,509.6,88973.2,41976,5301
552,,0.09531,0.280192,0.193429,0.00033,,,,509.6,90215.2,42235.2,5645.1
553,,0.08991,0.271616,0.221636,0.000418,,,,374.4,92000,42328.8,5979.9
554,,0.0846,0.26464,0.2546,0.000506,,,,239.2,89847.2,42775.2,6333.3
555,,0.08037,0.258048,0.283544,0.000572,,,,135.2,88559.2,43156.8,6696
556,,0.07641,0.251712,0.319121,0.000726,,,,135.2,83812,43495.2,7077.3
557,,0.07227,0.246464,0.348936,0.000858,,,,135.2,81070.4,43876.8,7477.2
558,,0.06876,0.241664,0.37989,0.00099,,,,135.2,78834.8,44308.8,7877.1
559,,0.06489,0.237632,0.418013,0.001144,,,,135.2,74244,44820,8267.7
560,,0.06156,0.23264,0.456337,0.001386,,,,135.2,69312.8,45309.6,8658.3
561,,0.05877,0.22752,0.485013,0.001914,,,,135.2,65366,46036.8,9039.6
562,,0.0558,0.223104,0.507324,0.003454,,,,135.2,60462.4,46605.6,9411.6
563,,0.05301,0.218688,0.535598,0.005566,,,,135.2,56138.4,47124,9802.2
564,,0.05094,0.214272,0.56146,0.006402,,,,135.2,51980,48189.6,10211.4
565,,0.04869,0.209152,0.588327,0.005676,,,,135.2,46828,49010.4,10639.2
566,,0.04608,0.204032,0.602464,0.004422,,,,135.2,41758.8,49809.6,11076.3
567,,0.04356,0.198912,0.625043,0.004246,,,,135.2,37563.6,50616,11522.7
568,,0.04167,0.1936,0.626584,0.00495,,,,135.2,33396,51847.2,11969.1
569,,0.0396,0.188288,0.636768,0.005632,,,,135.2,29237.6,52776,12396.9
570,,0.03771,0.183424,0.654188,0.006556,,,,135.2,26652.4,54036,12815.4
571,,0.03564,0.178176,0.661558,0.00759,,,,135.2,23414,55440,13215.3
572,,0.03447,0.1728,0.661491,0.009152,,,,135.2,20893.2,57009.6,13624.5
573,,0.03267,0.166336,0.67,0.010538,,,,135.2,18142.4,58089.6,14052.3
574,,0.03096,0.160512,0.661357,0.012144,,,,135.2,16247.2,59148,14498.7
575,,0.02925,0.155328,0.661022,0.014388,,,,135.2,14306,60818.4,14991.6
576,,0.02808,0.149376,0.656868,0.016544,,,,135.2,12659.2,61833.6,15521.7
577,,0.02655,0.143488,0.654054,0.019668,,,,135.2,10828.4,63568.8,16089
578,,0.02502,0.137984,0.648024,0.022484,,,,135.2,9825.6,65066.4,16684.2
579,,0.02376,0.1328,0.647689,0.026158,,,,135.2,8261.6,66290.4,17307.3
580,,0.0225,0.127808,0.63985,0.030272,,,,,7332.4,67780.8,17930.4
581,,0.02151,0.122752,0.630001,0.03509,,,,,6596.4,68774.4,18534.9
582,,0.02016,0.117504,0.623435,0.040282,,,,,5878.8,69645.6,19120.8
583,,0.0189,0.112,0.616132,0.046442,,,,,5096.8,70826.4,19688.1
584,,0.01809,0.107264,0.60501,0.052052,,,,,4103.2,71460,20218.2
585,,0.01719,0.102784,0.587791,0.058388,,,,,4002,71668.8,20739
586,,0.01611,0.098624,0.582833,0.065428,,,,,3431.6,71740.8,21259.8
587,,0.01512,0.094528,0.576133,0.073678,,,,,3128,72000,21799.2
588,,0.01458,0.090496,0.560991,0.081114,,,,,2723.2,71438.4,22385.1
589,,0.01341,0.086656,0.560254,0.089254,,,,,2474.8,70812,23036.1
590,,0.01296,0.083264,0.54337,0.09834,,,,,2327.6,69919.2,23761.5
591,,0.01215,0.080128,0.534526,0.10736,,,,,1692.8,68076,24561.3
592,,0.01143,0.077184,0.51992,0.116754,,,,,1481.2,66600,25407.6
593,,0.01107,0.07424,0.515498,0.12573,,,,,1518,64864.8,26309.7
594,,0.01008,0.07136,0.50719,0.134816,,,,,1591.6,62409.6,27230.4
595,,0.00963,0.06848,0.487559,0.1441,,,,,1251.2,60199.2,28160.4
596,,0.00909,0.065728,0.479854,0.152174,,,,,1260.4,57528,29090.4
597,,0.00864,0.063232,0.475164,0.161194,,,,,984.4,54928.8,30020.4
598,,0.00819,0.060992,0.464109,0.168674,,,,,910.8,52106.4,30941.1
599,,0.00765,0.058944,0.447493,0.177716,,,,,828,49096.8,31861.8
600,,0.00738,0.05696,0.442602,0.184536,,,,,,46000.8,32763.9
601,,0.00675,0.05472,0.434629,0.191136,,,,,,43279.2,33647.4
602,,0.00648,0.05216,0.418817,0.197054,,,,,,40118.4,34503
603,,0.00612,0.049984,0.410777,0.202334,,,,,,36842.4,35340
604,,0.00585,0.047936,0.406288,0.206096,,,,,,33861.6,36158.4
605,,0.0054,0.046144,0.397377,0.21131,,,,,,30981.6,36986.1
606,,0.00513,0.044672,0.383106,0.214236,,,,,,28281.6,37813.8
607,,0.00486,0.043392,0.372654,0.215578,,,,,,25617.6,38650.8
608,,0.00468,0.042048,0.367495,0.217558,,,,,,22989.6,39487.8
609,,0.00441,0.040832,0.35175,0.219032,,,,,,20714.4,40324.8
610,,0.00414,0.039616,0.347328,0.22,,,,,,18619.2,41143.2
611,,0.00396,0.037952,0.333191,0.21791,,,,,,16833.6,41961.6
612,,0.00378,0.036544,0.325821,0.217998,,,,,,15076.8,42780
613,,0.0036,0.035584,0.318451,0.214654,,,,,,13204.8,43617
614,,0.00342,0.034624,0.303845,0.21296,,,,,,11656.8,44472.6
615,,0.00324,0.033728,0.299825,0.210166,,,,,,10087.2,45356.1
616,,0.00306,0.032896,0.288971,0.20735,,,,,,8748,46267.5
617,,0.00297,0.031744,0.280395,0.20482,,,,,,7675.2,47197.5
618,,0.00279,0.030464,0.275973,0.198682,,,,,,6631.2,48146.1
619,,0.00261,0.029568,0.264382,0.196328,,,,,,5745.6,49085.4
620,,0.00261,0.028736,0.258955,0.191598,,,,,,5047.2,50006.1
621,,0.00234,0.027776,0.241937,0.187396,,,,,,4399.2,50898.9
622,,0.00216,0.02688,0.240329,0.18271,,,,,,3751.2,51773.1
623,,0.00207,0.026176,0.233093,0.178618,,,,,,3276,52600.8
624,,0.00198,0.025984,0.227264,0.1749,,,,,,2930.4,53400.6
625,,0.00189,0.02496,0.220296,0.169906,,,,,,2498.4,54144.6
626,,0.0018,0.023552,0.209174,0.165792,,,,,,2239.2,54842.1
627,,0.00171,0.022848,0.201067,0.162558,,,,,,1893.6,55483.8
628,,0.00171,0.022208,0.19631,0.158224,,,,,,1648.8,56069.7
629,,0.00153,0.021568,0.186327,0.155408,,,,,,1447.2,56609.1
630,,0.00144,0.0208,0.177416,0.151888,,,,,,1238.4,57111.3
631,,0.00135,0.019968,0.175674,0.148214,,,,,,1080,57594.9
632,,0.00126,0.019264,0.168773,0.14564,,,,,,993.6,58097.1
633,,0.00117,0.018624,0.166763,0.143,,,,,,842.4,58627.2
634,,0.00117,0.018112,0.158522,0.13937,,,,,,712.8,59222.4
635,,0.00108,0.017984,0.154301,0.135454,,,,,,619.2,59873.4
636,,0.00099,0.017472,0.147802,0.133166,,,,,,561.6,60598.8
637,,0.00099,0.01664,0.137216,0.131054,,,,,,482.4,61407.9
638,,0.00099,0.015808,0.134134,0.128128,,,,,,439.2,62272.8
639,,0.0009,0.01504,0.127836,0.126786,,,,,,367.2,63202.8
640,,0.0009,0.014464,0.126496,0.123662,,,,,,309.6,64188.6
641,,0.00081,0.013824,0.121739,0.12188,,,,,,259.2,65220.9
642,,0.00081,0.013376,0.118121,0.119416,,,,,,252,66299.7
643,,0.00081,0.013376,0.112694,0.11836,,,,,,230.4,67434.3
644,,0.00072,0.013184,0.108004,0.117678,,,,,,201.6,68624.7
645,,0.00072,0.0128,0.104922,0.114708,,,,,,172.8,69870.9
646,,0.00072,0.012224,0.101773,0.11308,,,,,,144,71145
647,,0.00063,0.011648,0.094805,0.110704,,,,,,129.6,72428.4
648,,0.00054,0.0112,0.094604,0.109802,,,,,,129.6,73674.6
649,,0.00054,,0.090048,0.107514,,,,,,108,74846.4
650,,0.00054,,0.086899,0.106348,0.003112,,,,,86.4,75943.8
651,,0.00054,,0.081807,0.104852,0.003168,,,,,,76938.9
652,,0.00045,,0.07906,0.103554,0.003312,,,,,,77859.6
653,,0.00045,,0.076983,0.101596,0.003536,,,,,,78724.5
654,,0.00045,,0.074035,0.100188,0.003816,,,,,,79589.4
655,,0.00036,,0.070216,0.099374,0.00416,,,,,,80472.9
656,,0.00036,,0.070752,0.096844,0.00456,,,,,,81393.6
657,,0.00036,,0.065392,0.095216,0.005,,,,,,82388.7
658,,0.00036,,0.062243,0.092972,0.00548,,,,,,83430.3
659,,0.00036,,0.059831,0.09152,0.006016,,,,,,84509.1
660,,0.00036,,0.058625,0.090816,0.006608,,,,,,85597.2
661,,0.00027,,0.055811,0.089364,0.007248,,,,,,86657.4
662,,0.00036,,0.052461,0.088,0.007952,,,,,,87652.5
663,,0.00036,,0.051523,0.086152,0.008712,,,,,,88573.2
664,,0.00027,,0.048977,0.084876,0.009528,,,,,,89382.3
665,,0.00027,,0.04556,0.083204,0.010424,,,,,,90098.4
666,,0.00027,,0.045962,0.08151,0.011384,,,,,,90721.5
667,,0.00018,,0.043885,0.080212,0.012416,,,,,,91270.2
668,,0.00027,,0.04221,0.07898,0.013544,,,,,,91744.5
669,,0.00027,,0.041473,0.07788,0.014752,,,,,,92153.7
670,,0.00018,,0.038994,0.077044,0.016056,,,,,,92507.1
671,,0.00027,,0.036984,0.074712,0.017448,,,,,,92776.8
672,,0.00018,,0.036515,0.074008,0.018944,,,,,,92944.2
673,,0.00018,,0.033567,0.072446,0.020536,,,,,,93000
674,,0.00018,,0.032696,0.070422,0.022224,,,,,,92916.3
675,,0.00027,,0.03149,0.06908,0.024016,,,,,,92693.1
676,,0.00018,,0.030887,0.068002,0.02592,,,,,,92311.8
677,,0.00018,,0.029346,0.067034,0.027928,,,,,,91763.1
678,,0.00018,,0.027604,0.065296,0.030048,,,,,,91037.7
679,,0.00018,,0.027001,0.063008,0.032288,,,,,,90126.3
680,,0.00018,,0.025527,0.061292,0.034632,,,,,,89028.9
681,,0.00018,,0.02412,0.060654,0.03708,,,,,,87736.2
682,,0.00009,,0.022244,0.05885,0.039632,,,,,,86220.3
683,,0.00018,,0.022512,0.057244,0.042272,,,,,,84499.8
684,,0.00009,,0.021708,0.05544,0.044984,,,,,,82565.4
685,,0.00018,,0.021038,0.054252,0.047744,,,,,,80426.4
686,,0.00018,,0.020368,0.052756,0.050536,,,,,,78092.1
687,,0.00018,,0.020636,0.05115,0.053336,,,,,,75599.7
688,,0.00009,,0.01876,0.050776,0.056104,,,,,,72977.1
689,,0.00009,,0.017889,0.0495,0.058824,,,,,,70261.5
690,,0.00018,,0.017822,0.047652,0.061464,,,,,,67480.8
691,,0.00018,,0.01608,0.045408,0.064008,,,,,,64672.2
692,,0.00018,,0.016281,0.04543,0.066432,,,,,,61854.3
693,,0.00018,,0.015745,0.043494,0.068712,,,,,,59073.6
694,,0.00009,,0.015142,0.042944,0.07084,,,,,,56339.4
695,,0.00018,,0.014673,0.041866,0.072792,,,,,,53661
696,,0.00018,,0.014673,0.040656,0.07456,,,,,,51066.3
697,,0.00009,,0.014137,0.039622,0.076112,,,,,,48536.7
698,,0.00018,,0.013668,0.03861,0.077432,,,,,,46081.5
699,,0.00009,,0.013467,0.037268,0.078496,,,,,,43682.1
700,,0.00018,,,0.03663,0.079288,,,,,,41319.9
701,,,,,0.035882,0.079784,,,,,,38985.6
702,,,,,0.034738,0.08,,,,,,36651.3
703,,,,,0.033836,0.079944,,,,,,34289.1
704,,,,,0.032714,0.079632,,,,,,31889.7
705,,,,,0.031922,0.079096,,,,,,29462.4
706,,,,,0.03135,0.078352,,,,,,27007.2
707,,,,,0.031174,0.077424,,,,,,24579.9
708,,,,,0.029942,0.07632,,,,,,22227
709,,,,,0.029788,0.07504,,,,,,20004.3
710,,,,,0.028248,0.073608,,,,,,17967.6
711,,,,,0.027676,0.072032,,,,,,16172.7
712,,,,,0.02739,0.070336,,,,,,14619.6
713,,,,,0.026818,0.068568,,,,,,13336.2
714,,,,,0.026312,0.066752,,,,,,12285.3
715,,,,,0.025454,0.064904,,,,,,11466.9
716,,,,,0.024464,0.063064,,,,,,10825.2
717,,,,,0.024112,0.061224,,,,,,10332.3
718,,,,,0.023408,0.059408,,,,,,
719,,,,,0.022968,0.057616,,,,,,
720,,,,,0.022396,0.055864,,,,,,
721,,,,,0.021912,0.054152,,,,,,
722,,,,,0.021296,0.052488,,,,,,
723,,,,,0.02112,0.050872,,,,,,
724,,,,,0.020724,0.04932,,,,,,
725,,,,,0.020262,0.047816,,,,,,
726,,,,,0.019536,0.046376,,,,,,
727,,,,,0.019228,0.044992,,,,,,
728,,,,,0.018964,0.043688,,,,,,
729,,,,,0.018238,0.042448,,,,,,
730,,,,,0.017908,0.041288,,,,,,
731,,,,,0.017402,0.040192,,,,,,
732,,,,,0.01694,0.03916,,,,,,
733,,,,,0.01716,0.038184,,,,,,
734,,,,,0.016016,0.037248,,,,,,
735,,,,,0.016456,0.036352,,,,,,
736,,,,,0.015598,0.035496,,,,,,
737,,,,,0.016126,0.034656,,,,,,
738,,,,,0.015004,0.03384,,,,,,
739,,,,,0.014652,0.033056,,,,,,
740,,,,,0.014608,0.032304,,,,,,
741,,,,,0.014586,0.031576,,,,,,
742,,,,,0.013464,0.03088,,,,,,
743,,,,,0.013816,0.030216,,,,,,
744,,,,,0.013266,0.029576,,,,,,
745,,,,,0.013332,0.02896,,,,,,
746,,,,,0.012518,0.028368,,,,,,
747,,,,,0.012276,0.027808,,,,,,
748,,,,,0.01232,0.02728,,,,,,
749,,,,,0.012298,0.026792,,,,,,
750,,,,,0.011792,0.026336,,,,,,
751,,,,,0.011286,0.02592,,,,,,
752,,,,,0.011506,0.025536,,,,,,
753,,,,,0.011,0.025168,,,,,,
754,,,,,0.010912,0.024824,,,,,,
755,,,,,0.01056,0.024488,,,,,,
756,,,,,0.009988,0.02416,,,,,,
757,,,,,0.010032,0.023848,,,,,,
758,,,,,0.009614,0.023544,,,,,,
759,,,,,0.009548,0.023256,,,,,,
760,,,,,0.008866,0.022984,,,,,,
761,,,,,0.009108,0.022736,,,,,,
762,,,,,0.008756,0.022512,,,,,,
763,,,,,0.008822,0.022312,,,,,,
764,,,,,0.00869,0.022128,,,,,,
765,,,,,0.007898,0.021952,,,,,,
766,,,,,0.00836,0.021776,,,,,,
767,,,,,0.008096,0.0216,,,,,,
768,,,,,0.007458,0.021408,,,,,,
769,,,,,0.00737,0.0212,,,,,,
770,,,,,0.007392,0.020976,,,,,,
771,,,,,0.007238,0.020744,,,,,,
772,,,,,0.007128,0.020504,,,,,,
773,,,,,0.006754,0.020264,,,,,,
774,,,,,0.00671,0.020032,,,,,,
775,,,,,0.00649,0.0198,,,,,,
776,,,,,0.0066,0.019584,,,,,,
777,,,,,0.00649,0.019368,,,,,,
778,,,,,0.006006,0.01916,,,,,,
779,,,,,0.005786,0.01896,,,,,,
780,,,,,0.00594,0.018752,,,,,,
781,,,,,0.005566,0.018536,,,,,,
782,,,,,0.0055,0.018312,,,,,,
783,,,,,0.005808,0.018072,,,,,,
784,,,,,0.00539,0.017808,,,,,,
785,,,,,0.00528,0.017528,,,,,,
786,,,,,0.005148,0.017224,,,,,,
787,,,,,0.004796,0.01692,,,,,,
788,,,,,0.004752,0.016624,,,,,,
789,,,,,0.004774,0.016336,,,,,,
790,,,,,0.004378,0.016048,,,,,,
791,,,,,0.004642,0.01576,,,,,,
792,,,,,0.0044,0.015464,,,,,,
793,,,,,0.004312,0.015152,,,,,,
794,,,,,0.003916,0.014824,,,,,,
795,,,,,0.00385,0.014496,,,,,,
796,,,,,0.004378,0.014184,,,,,,
797,,,,,0.004026,0.013904,,,,,,
798,,,,,0.003652,0.01368,,,,,,
799,,,,,0.003586,0.013536,,,,,,
800,,,,,0.003674,0.013472,,,,,,